epoch,accuracy,learning_rate,loss,top_k_categorical_accuracy,val_accuracy,val_loss,val_top_k_categorical_accuracy
0,0.1739811897277832,0.0005000000237487257,2.392813205718994,0.6449843049049377,0.1875,2.3292527198791504,0.7437499761581421
1,0.3125,0.0005000000237487257,1.9177093505859375,0.6875,0.1875,2.328143358230591,0.7437499761581421
2,0.30015674233436584,0.0005000000237487257,2.004493236541748,0.7860501408576965,0.1875,2.4764020442962646,0.7437499761581421
3,0.3125,0.0005000000237487257,1.9319489002227783,0.8125,0.1875,2.461172580718994,0.7437499761581421
4,0.3777429461479187,0.0005000000237487257,1.7767094373703003,0.8542319536209106,0.1875,2.3478024005889893,0.550000011920929
5,0.40625,0.0001500000071246177,1.6774349212646484,0.875,0.1875,2.345088005065918,0.5562499761581421
6,0.4184952974319458,0.0001500000071246177,1.6422230005264282,0.8863636255264282,0.18125000596046448,2.4181160926818848,0.7437499761581421
