{"accuracy": [0.1739811897277832, 0.3125, 0.30015674233436584, 0.3125, 0.3777429461479187, 0.40625, 0.4184952974319458], "loss": [2.392813205718994, 1.9177093505859375, 2.004493236541748, 1.9319489002227783, 1.7767094373703003, 1.6774349212646484, 1.6422230005264282], "top_k_categorical_accuracy": [0.6449843049049377, 0.6875, 0.7860501408576965, 0.8125, 0.8542319536209106, 0.875, 0.8863636255264282], "val_accuracy": [0.1875, 0.1875, 0.1875, 0.1875, 0.1875, 0.1875, 0.18125000596046448], "val_loss": [2.3292527198791504, 2.328143358230591, 2.4764020442962646, 2.461172580718994, 2.3478024005889893, 2.345088005065918, 2.4181160926818848], "val_top_k_categorical_accuracy": [0.7437499761581421, 0.7437499761581421, 0.7437499761581421, 0.7437499761581421, 0.550000011920929, 0.5562499761581421, 0.7437499761581421], "learning_rate": [0.0005000000237487257, 0.0005000000237487257, 0.0005000000237487257, 0.0005000000237487257, 0.0005000000237487257, 0.0001500000071246177, 0.0001500000071246177]}